_func_name, asm, assignment, bitwise, branch_case, branch_if, branch_ternary, branch_total, broken_dowhile, cast, comma, cond_depth, fix, goto, if_depth, if_in_loop, invalid_form, invalid_funccall, invalid_ir, invalid_jump, label, loc, local, lol, loop_depth, loop_dowhile, loop_for, loop_total, loop_while, operator, prop_branch_case, prop_branch_if, prop_branch_ternary, prop_loop_dowhile, prop_loop_for, prop_loop_while, ref_direct, ref_structured, strcmp, token, undefined, unimplemented, unknown, unknown_op, 
FUN_00401bf5, 0, 0, 0, 0, 0, 0, 0, 0, 0, 0, 0, 0, 0, 0, 0, 0, 0, 0, 0, 0, 4, 0, 4, 0, 0, 0, 0, 0, 0, 0, 0, 0, 0, 0, 0, 0, 0, 0, 6, 0, 0, 0, 0, 
FUN_00401bfa, 0, 0, 0, 0, 0, 0, 0, 0, 0, 0, 0, 0, 0, 0, 0, 0, 0, 0, 0, 0, 4, 0, 4, 0, 0, 0, 0, 0, 0, 0, 0, 0, 0, 0, 0, 0, 0, 0, 6, 0, 0, 0, 0, 
FUN_00401bff, 0, 0, 0, 0, 0, 0, 0, 0, 0, 0, 0, 0, 0, 0, 0, 0, 0, 0, 0, 0, 4, 0, 4, 0, 0, 0, 0, 0, 0, 0, 0, 0, 0, 0, 0, 0, 0, 0, 6, 0, 0, 0, 0, 
FUN_00401c04, 0, 0, 0, 0, 0, 0, 0, 0, 0, 0, 0, 0, 0, 0, 0, 0, 0, 0, 0, 0, 4, 0, 4, 0, 0, 0, 0, 0, 0, 0, 0, 0, 0, 0, 0, 0, 0, 0, 6, 0, 0, 0, 0, 
FUN_00401c20, 0, 80, 6, 0, 35, 0, 35, 0, 2, 0, 2, 0, 12, 5, 3, 0, 0, 0, 0, 0, 213, 20, 18, 2, 1, 6, 3, 2, 71, 0.0, 1.0, 0.0, 0.3333333333333333, 0.16666666666666666, 0.5, 29, 1, 0.0, 820, 7, 0, 0, 0, 
FUN_00402200, 0, 0, 0, 0, 0, 0, 0, 0, 0, 0, 0, 0, 0, 0, 0, 0, 0, 0, 0, 0, 11, 2, 9, 1, 0, 1, 0, 1, 0, 0, 0, 0, 1.0, 0.0, 0.0, 2, 0, 0, 28, 6, 0, 0, 0, 
FUN_0040222b, 0, 0, 0, 0, 0, 0, 0, 0, 0, 0, 0, 0, 0, 0, 0, 0, 0, 0, 0, 0, 4, 0, 4, 0, 0, 0, 0, 0, 0, 0, 0, 0, 0, 0, 0, 0, 0, 0, 5, 0, 0, 0, 0, 
FUN_0040224a, 0, 0, 0, 0, 0, 0, 0, 0, 0, 0, 0, 0, 0, 0, 0, 0, 0, 0, 0, 0, 4, 0, 4, 0, 0, 0, 0, 0, 0, 0, 0, 0, 0, 0, 0, 0, 0, 0, 5, 0, 0, 0, 0, 
FUN_00402281, 0, 1, 0, 0, 1, 0, 1, 0, 0, 0, 0, 0, 0, 1, 0, 0, 0, 0, 0, 0, 9, 0, 5, 0, 0, 0, 0, 0, 1, 0.0, 1.0, 0.0, 0, 0, 0, 0, 0, 0, 16, 0, 0, 0, 0, 
thunk_401c13, 0, 0, 0, 0, 0, 0, 0, 0, 0, 0, 0, 0, 0, 0, 0, 0, 0, 0, 0, 0, 4, 0, 4, 0, 0, 0, 0, 0, 0, 0, 0, 0, 0, 0, 0, 0, 0, 0, 5, 0, 0, 0, 0, 
FUN_004022e0, 0, 13, 0, 0, 7, 0, 7, 0, 0, 0, 0, 0, 0, 4, 0, 0, 0, 0, 0, 0, 40, 4, 9, 0, 0, 0, 0, 0, 7, 0.0, 1.0, 0.0, 0, 0, 0, 4, 3, 0, 120, 3, 0, 0, 0, 
FUN_004023b0, 0, 2, 0, 0, 1, 0, 1, 0, 0, 0, 0, 0, 0, 1, 0, 0, 0, 0, 0, 0, 12, 1, 9, 0, 0, 0, 0, 0, 3, 0.0, 1.0, 0.0, 0, 0, 0, 0, 0, 0, 40, 1, 0, 0, 0, 
FUN_00402420, 0, 53, 1, 0, 29, 0, 29, 0, 0, 0, 8, 0, 7, 4, 0, 0, 0, 0, 0, 0, 139, 15, 16, 2, 0, 3, 1, 1, 60, 0.0, 1.0, 0.0, 0.6666666666666666, 0.0, 0.3333333333333333, 25, 4, 0, 539, 3, 0, 0, 0, 
FUN_004027c0, 0, 67, 0, 0, 10, 0, 10, 0, 0, 0, 0, 0, 2, 3, 0, 0, 0, 0, 0, 0, 152, 23, 53, 2, 0, 2, 0, 2, 23, 0.0, 1.0, 0.0, 1.0, 0.0, 0.0, 14, 6, 0.0, 618, 4, 0, 0, 0, 
FUN_00402bb0, 0, 1, 0, 0, 0, 0, 0, 0, 0, 0, 0, 0, 0, 0, 0, 0, 0, 0, 0, 0, 5, 0, 5, 0, 0, 0, 0, 0, 0, 0, 0, 0, 0, 0, 0, 0, 0, 0, 9, 1, 0, 0, 0, 
FUN_00402bc0, 0, 1, 0, 0, 0, 0, 0, 0, 0, 0, 0, 0, 0, 0, 0, 0, 0, 0, 0, 0, 5, 0, 5, 0, 0, 0, 0, 0, 0, 0, 0, 0, 0, 0, 0, 0, 0, 0, 9, 1, 0, 0, 0, 
FUN_00402bd0, 0, 5, 0, 0, 4, 0, 4, 0, 0, 0, 2, 0, 0, 3, 0, 0, 0, 0, 0, 0, 25, 4, 9, 0, 0, 0, 0, 0, 6, 0.0, 1.0, 0.0, 0, 0, 0, 3, 0, 0, 84, 2, 0, 0, 0, 
FUN_00402c80, 0, 1, 0, 0, 1, 0, 1, 0, 0, 0, 0, 0, 0, 1, 0, 0, 0, 0, 0, 0, 11, 1, 7, 0, 0, 0, 0, 0, 1, 0.0, 1.0, 0.0, 0, 0, 0, 0, 0, 0, 30, 0, 0, 0, 0, 
FUN_00402cb0, 0, 2, 0, 0, 0, 0, 0, 0, 0, 0, 0, 0, 0, 0, 0, 0, 0, 0, 0, 0, 6, 0, 7, 0, 0, 0, 0, 0, 0, 0, 0, 0, 0, 0, 0, 2, 1, 0, 22, 3, 0, 0, 0, 
FUN_00402cc0, 0, 23, 4, 0, 10, 0, 10, 0, 0, 0, 0, 0, 4, 2, 1, 0, 0, 0, 0, 0, 63, 9, 10, 1, 0, 1, 0, 1, 20, 0.0, 1.0, 0.0, 1.0, 0.0, 0.0, 10, 9, 0, 238, 0, 0, 0, 0, 
FUN_00402de0, 0, 0, 0, 0, 0, 0, 0, 0, 0, 0, 0, 0, 0, 0, 0, 0, 0, 0, 0, 0, 5, 0, 7, 0, 0, 0, 0, 0, 0, 0, 0, 0, 0, 0, 0, 0, 0, 0, 13, 2, 0, 0, 0, 
FUN_00402df0, 0, 0, 0, 0, 0, 0, 0, 0, 0, 0, 0, 0, 0, 0, 0, 0, 0, 0, 0, 0, 5, 0, 8, 0, 0, 0, 0, 0, 1, 0, 0, 0, 0, 0, 0, 1, 0, 0, 16, 0, 0, 0, 0, 
FUN_00402e00, 0, 29, 0, 0, 7, 0, 7, 0, 0, 0, 0, 0, 0, 4, 0, 0, 0, 0, 0, 0, 62, 10, 15, 2, 0, 2, 0, 1, 37, 0.0, 1.0, 0.0, 1.0, 0.0, 0.0, 9, 0, 0, 255, 0, 0, 0, 0, 
FUN_00402ea0, 0, 10, 5, 0, 8, 0, 8, 0, 0, 0, 8, 0, 1, 4, 0, 0, 0, 0, 0, 0, 38, 3, 17, 0, 0, 0, 0, 0, 34, 0.0, 1.0, 0.0, 0, 0, 0, 8, 12, 0, 180, 0, 0, 0, 0, 
FUN_00402fa0, 0, 383, 47, 321, 110, 0, 431, 0, 2, 0, 5, 0, 88, 4, 1, 0, 0, 0, 0, 0, 1113, 34, 24, 4, 0, 6, 2, 2, 288, 0.7447795823665894, 0.2552204176334107, 0.0, 0.6666666666666666, 0.0, 0.3333333333333333, 14, 46, 0, 3128, 1, 0, 0, 0, 
FUN_004041d0, 0, 26, 3, 0, 7, 0, 7, 0, 1, 0, 0, 0, 0, 2, 0, 0, 0, 0, 0, 0, 63, 11, 17, 0, 0, 0, 0, 0, 23, 0.0, 1.0, 0.0, 0, 0, 0, 13, 8, 0, 274, 20, 0, 0, 0, 
FUN_00404370, 0, 4, 0, 0, 1, 0, 1, 0, 0, 0, 0, 0, 0, 1, 0, 0, 0, 0, 0, 0, 14, 2, 7, 0, 0, 0, 0, 0, 1, 0.0, 1.0, 0.0, 0, 0, 0, 3, 0, 0, 38, 2, 0, 0, 0, 
FUN_004043b0, 0, 1, 0, 0, 1, 0, 1, 0, 0, 0, 0, 0, 0, 1, 0, 0, 0, 0, 0, 0, 7, 0, 7, 0, 0, 0, 0, 0, 1, 0.0, 1.0, 0.0, 0, 0, 0, 2, 0, 0, 22, 4, 0, 0, 0, 
FUN_004043c0, 0, 2, 0, 0, 1, 0, 1, 0, 0, 0, 0, 0, 0, 1, 0, 0, 0, 0, 0, 0, 8, 0, 7, 0, 0, 0, 0, 0, 1, 0.0, 1.0, 0.0, 0, 0, 0, 2, 0, 0, 25, 4, 0, 0, 0, 
FUN_004043d0, 0, 4, 10, 0, 1, 0, 1, 0, 2, 0, 0, 0, 0, 1, 0, 0, 0, 0, 0, 0, 14, 2, 16, 0, 0, 0, 0, 0, 17, 0.0, 1.0, 0.0, 0, 0, 0, 3, 0, 0, 72, 2, 0, 0, 0, 
FUN_00404410, 0, 3, 0, 0, 1, 0, 1, 0, 0, 0, 0, 0, 0, 1, 0, 0, 0, 0, 0, 0, 11, 1, 9, 0, 0, 0, 0, 0, 3, 0.0, 1.0, 0.0, 0, 0, 0, 3, 0, 0, 37, 7, 0, 0, 0, 
FUN_00404430, 0, 4, 0, 0, 2, 0, 2, 0, 0, 0, 2, 0, 0, 1, 0, 0, 0, 0, 0, 0, 13, 0, 9, 0, 0, 0, 0, 0, 6, 0.0, 1.0, 0.0, 0, 0, 0, 4, 0, 0, 53, 3, 0, 0, 0, 
FUN_00404460, 0, 4, 0, 0, 1, 0, 1, 0, 0, 0, 0, 0, 0, 1, 0, 0, 0, 0, 0, 0, 16, 2, 13, 0, 0, 0, 0, 0, 4, 0.0, 1.0, 0.0, 0, 0, 0, 6, 1, 0, 66, 9, 0, 0, 0, 
FUN_004044e0, 0, 8, 1, 0, 2, 0, 2, 0, 1, 0, 0, 0, 0, 1, 0, 0, 0, 0, 0, 0, 25, 5, 19, 0, 0, 0, 0, 0, 12, 0.0, 1.0, 0.0, 0, 0, 0, 10, 1, 0, 128, 11, 0, 0, 0, 
FUN_004045d0, 0, 0, 0, 0, 0, 0, 0, 0, 0, 0, 0, 0, 0, 0, 0, 0, 0, 0, 0, 0, 5, 0, 9, 0, 0, 0, 0, 0, 0, 0, 0, 0, 0, 0, 0, 0, 0, 0, 15, 3, 0, 0, 0, 
FUN_004045e0, 0, 9, 0, 0, 3, 0, 3, 0, 1, 0, 0, 0, 0, 1, 0, 0, 0, 0, 0, 0, 29, 4, 15, 1, 0, 1, 0, 1, 12, 0.0, 1.0, 0.0, 1.0, 0.0, 0.0, 7, 0, 0, 110, 3, 0, 0, 0, 
FUN_00404680, 0, 0, 0, 0, 0, 0, 0, 0, 0, 0, 0, 0, 0, 0, 0, 0, 0, 0, 0, 0, 5, 0, 7, 0, 0, 0, 0, 0, 0, 0, 0, 0, 0, 0, 0, 1, 0, 0, 15, 2, 0, 0, 0, 
FUN_004046a0, 0, 0, 0, 0, 0, 0, 0, 0, 0, 0, 0, 0, 0, 0, 0, 0, 0, 0, 0, 0, 5, 0, 4, 0, 0, 0, 0, 0, 0, 0, 0, 0, 0, 0, 0, 0, 0, 0, 7, 0, 0, 0, 0, 
FUN_004046b0, 0, 0, 0, 0, 0, 0, 0, 0, 0, 0, 0, 0, 0, 0, 0, 0, 0, 0, 0, 0, 5, 0, 6, 0, 0, 0, 0, 0, 0, 0, 0, 0, 0, 0, 0, 1, 0, 0, 14, 1, 0, 0, 0, 
FUN_004046d0, 0, 0, 0, 0, 0, 0, 0, 0, 0, 0, 0, 0, 0, 0, 0, 0, 0, 0, 0, 0, 5, 0, 7, 0, 0, 0, 0, 0, 0, 0, 0, 0, 0, 0, 0, 1, 0, 0, 15, 2, 0, 0, 0, 
FUN_004046f0, 0, 8, 0, 0, 1, 0, 1, 0, 0, 0, 0, 0, 0, 1, 0, 0, 0, 0, 0, 0, 25, 8, 9, 0, 0, 0, 0, 0, 1, 0.0, 1.0, 0.0, 0, 0, 0, 1, 0, 0, 55, 9, 0, 0, 0, 
FUN_00404760, 0, 8, 0, 0, 1, 0, 1, 0, 0, 0, 0, 0, 0, 1, 0, 0, 0, 0, 0, 0, 25, 8, 11, 0, 0, 0, 0, 0, 1, 0.0, 1.0, 0.0, 0, 0, 0, 1, 0, 0, 56, 10, 0, 0, 0, 
FUN_004047d0, 0, 0, 0, 0, 0, 0, 0, 0, 0, 0, 0, 0, 0, 0, 0, 0, 0, 0, 0, 0, 5, 0, 7, 0, 0, 0, 0, 0, 0, 0, 0, 0, 0, 0, 0, 0, 0, 0, 13, 2, 0, 0, 0, 
FUN_004047e0, 0, 0, 0, 0, 0, 0, 0, 0, 0, 0, 0, 0, 0, 0, 0, 0, 0, 0, 0, 0, 5, 0, 9, 0, 0, 0, 0, 0, 0, 0, 0, 0, 0, 0, 0, 0, 0, 0, 15, 3, 0, 0, 0, 
FUN_004047f0, 0, 10, 8, 0, 0, 0, 0, 0, 1, 0, 0, 0, 0, 0, 0, 0, 0, 0, 0, 0, 25, 9, 17, 0, 0, 0, 0, 0, 10, 0, 0, 0, 0, 0, 0, 4, 0, 0, 82, 9, 0, 0, 0, 
FUN_00404860, 0, 0, 0, 0, 0, 0, 0, 0, 0, 0, 0, 0, 0, 0, 0, 0, 0, 0, 0, 0, 5, 0, 7, 0, 0, 0, 0, 0, 0, 0, 0, 0, 0, 0, 0, 0, 0, 0, 14, 1, 0, 0, 0, 
FUN_00404870, 0, 0, 0, 0, 0, 0, 0, 0, 0, 0, 0, 0, 0, 0, 0, 0, 0, 0, 0, 0, 5, 0, 5, 0, 0, 0, 0, 0, 0, 0, 0, 0, 0, 0, 0, 0, 0, 0, 12, 1, 0, 0, 0, 
FUN_00404890, 0, 0, 0, 0, 0, 0, 0, 0, 0, 0, 0, 0, 0, 0, 0, 0, 0, 0, 0, 0, 5, 0, 7, 0, 0, 0, 0, 0, 0, 0, 0, 0, 0, 0, 0, 0, 0, 0, 13, 2, 0, 0, 0, 
FUN_004048a0, 0, 8, 0, 0, 1, 0, 1, 0, 0, 0, 0, 0, 0, 1, 0, 0, 0, 0, 0, 0, 25, 8, 9, 0, 0, 0, 0, 0, 1, 0.0, 1.0, 0.0, 0, 0, 0, 1, 0, 0, 55, 9, 0, 0, 0, 
FUN_00404910, 0, 9, 1, 0, 1, 0, 1, 0, 1, 0, 2, 0, 0, 1, 0, 0, 0, 0, 0, 0, 26, 7, 12, 0, 0, 0, 0, 0, 4, 0.0, 1.0, 0.0, 0, 0, 0, 1, 0, 0, 71, 8, 0, 0, 0, 
FUN_00404980, 0, 0, 0, 0, 0, 0, 0, 0, 0, 0, 0, 0, 0, 0, 0, 0, 0, 0, 0, 0, 5, 0, 4, 0, 0, 0, 0, 0, 0, 0, 0, 0, 0, 0, 0, 0, 0, 0, 7, 0, 0, 0, 0, 
FUN_00404990, 0, 0, 0, 0, 0, 0, 0, 0, 0, 0, 0, 0, 0, 0, 0, 0, 0, 0, 0, 0, 5, 0, 9, 0, 0, 0, 0, 0, 0, 0, 0, 0, 0, 0, 0, 0, 0, 0, 16, 3, 0, 0, 0, 
FUN_004049b0, 0, 0, 0, 0, 0, 0, 0, 0, 0, 0, 0, 0, 0, 0, 0, 0, 0, 0, 0, 0, 5, 0, 11, 0, 0, 0, 0, 0, 0, 0, 0, 0, 0, 0, 0, 0, 0, 0, 17, 4, 0, 0, 0, 
FUN_004049d0, 0, 0, 0, 0, 0, 0, 0, 0, 0, 0, 0, 0, 0, 0, 0, 0, 0, 0, 0, 0, 5, 0, 4, 0, 0, 0, 0, 0, 0, 0, 0, 0, 0, 0, 0, 0, 0, 0, 7, 0, 0, 0, 0, 
FUN_004049e0, 0, 0, 0, 0, 0, 0, 0, 0, 0, 0, 0, 0, 0, 0, 0, 0, 0, 0, 0, 0, 5, 0, 7, 0, 0, 0, 0, 0, 0, 0, 0, 0, 0, 0, 0, 1, 0, 0, 15, 2, 0, 0, 0, 
FUN_00404a00, 0, 0, 0, 0, 0, 0, 0, 0, 0, 0, 0, 0, 0, 0, 0, 0, 0, 0, 0, 0, 5, 0, 7, 0, 0, 0, 0, 0, 0, 0, 0, 0, 0, 0, 0, 1, 0, 0, 15, 2, 0, 0, 0, 
FUN_00404a20, 0, 0, 0, 0, 0, 0, 0, 0, 0, 0, 0, 0, 0, 0, 0, 0, 0, 0, 0, 0, 5, 0, 6, 0, 0, 0, 0, 0, 0, 0, 0, 0, 0, 0, 0, 1, 0, 0, 14, 1, 0, 0, 0, 
FUN_00404a40, 0, 68, 0, 11, 2, 0, 13, 0, 0, 0, 0, 0, 3, 1, 0, 0, 0, 0, 0, 0, 122, 10, 17, 0, 0, 0, 0, 0, 1, 0.8461538461538461, 0.15384615384615385, 0.0, 0, 0, 0, 11, 40, 0, 510, 14, 0, 0, 0, 
FUN_00404e20, 0, 4, 0, 0, 0, 0, 0, 0, 0, 0, 0, 0, 0, 0, 0, 0, 0, 0, 0, 0, 15, 3, 6, 0, 0, 1, 1, 1, 2, 0, 0, 0, 0.0, 0.0, 1.0, 1, 1, 0, 33, 0, 0, 0, 0, 
FUN_00404e40, 0, 10, 0, 0, 2, 0, 2, 0, 1, 1, 0, 0, 0, 1, 0, 0, 0, 0, 0, 0, 27, 6, 15, 1, 0, 1, 0, 1, 11, 0.0, 1.0, 0.0, 1.0, 0.0, 0.0, 7, 2, 0, 99, 0, 0, 0, 0, 
FUN_00404ea0, 0, 12, 0, 0, 2, 0, 2, 0, 2, 1, 0, 0, 0, 1, 0, 0, 0, 0, 0, 0, 32, 9, 15, 1, 0, 1, 0, 1, 8, 0.0, 1.0, 0.0, 1.0, 0.0, 0.0, 3, 4, 0, 102, 2, 0, 0, 0, 
FUN_00404f60, 0, 4, 0, 0, 0, 0, 0, 0, 0, 0, 0, 0, 0, 0, 0, 0, 0, 0, 0, 0, 15, 3, 13, 0, 0, 0, 0, 0, 0, 0, 0, 0, 0, 0, 0, 0, 0, 0, 57, 1, 0, 0, 0, 
FUN_00404fe0, 0, 1, 0, 0, 1, 0, 1, 0, 0, 0, 2, 0, 0, 1, 0, 0, 0, 0, 0, 0, 10, 1, 11, 0, 0, 0, 0, 0, 3, 0.0, 1.0, 0.0, 0, 0, 0, 0, 0, 0, 27, 0, 0, 0, 0, 
FUN_00405000, 0, 0, 1, 0, 1, 0, 1, 0, 0, 0, 2, 0, 0, 1, 0, 0, 0, 0, 0, 0, 9, 0, 13, 0, 0, 0, 0, 0, 6, 0.0, 1.0, 0.0, 0, 0, 0, 0, 0, 0, 47, 0, 0, 0, 0, 
thunk_4022d8, 0, 1, 0, 0, 1, 0, 1, 0, 0, 0, 2, 0, 0, 1, 0, 0, 0, 0, 0, 0, 4, 1, 4, 0, 0, 0, 0, 0, 3, 0.0, 1.0, 0.0, 0, 0, 0, 0, 0, 0, 27, 0, 0, 0, 0, 
FUN_00405040, 0, 1, 0, 0, 2, 0, 2, 0, 0, 0, 2, 0, 0, 1, 0, 0, 0, 0, 0, 0, 14, 1, 11, 0, 0, 0, 0, 0, 6, 0.0, 1.0, 0.0, 0, 0, 0, 0, 0, 0, 51, 0, 0, 0, 0, 
FUN_00405080, 0, 0, 1, 0, 1, 0, 1, 0, 0, 0, 2, 0, 0, 1, 0, 0, 0, 0, 0, 0, 9, 0, 13, 0, 0, 0, 0, 0, 6, 0.0, 1.0, 0.0, 0, 0, 0, 0, 0, 0, 48, 1, 0, 0, 0, 
FUN_004050b0, 0, 7, 6, 0, 5, 0, 5, 0, 0, 0, 2, 0, 1, 2, 0, 0, 0, 0, 0, 0, 28, 3, 17, 0, 0, 0, 0, 0, 23, 0.0, 1.0, 0.0, 0, 0, 0, 2, 0, 0, 163, 1, 0, 0, 0, 
FUN_00405140, 0, 4, 1, 0, 5, 0, 5, 0, 0, 0, 0, 0, 1, 2, 0, 0, 0, 0, 0, 0, 24, 1, 10, 0, 0, 0, 0, 0, 7, 0.0, 1.0, 0.0, 0, 0, 0, 3, 0, 0, 66, 0, 0, 0, 0, 
FUN_00405190, 0, 1, 0, 0, 0, 0, 0, 0, 0, 0, 0, 0, 0, 0, 0, 0, 0, 0, 0, 0, 8, 1, 6, 0, 0, 0, 0, 0, 0, 0, 0, 0, 0, 0, 0, 0, 0, 0, 20, 0, 0, 0, 0, 
FUN_004051b0, 0, 1, 1, 0, 2, 0, 2, 0, 0, 0, 2, 0, 0, 2, 0, 0, 0, 0, 0, 0, 13, 1, 13, 0, 0, 0, 0, 0, 7, 0.0, 1.0, 0.0, 0, 0, 0, 0, 0, 0, 61, 0, 0, 0, 0, 
FUN_004051e0, 0, 1, 0, 0, 0, 0, 0, 0, 0, 0, 0, 0, 0, 0, 0, 0, 0, 0, 0, 0, 8, 1, 7, 0, 0, 0, 0, 0, 0, 0, 0, 0, 0, 0, 0, 0, 0, 0, 24, 0, 0, 0, 0, 
FUN_00405210, 0, 2, 0, 0, 0, 0, 0, 0, 0, 0, 0, 0, 0, 0, 0, 0, 0, 0, 0, 0, 10, 2, 9, 0, 0, 0, 0, 0, 2, 0, 0, 0, 0, 0, 0, 0, 0, 0, 34, 0, 0, 0, 0, 
FUN_00405230, 0, 1, 0, 0, 0, 0, 0, 0, 0, 0, 0, 0, 0, 0, 0, 0, 0, 0, 0, 0, 7, 1, 8, 0, 0, 0, 0, 0, 0, 0, 0, 0, 0, 0, 0, 0, 0, 0, 20, 1, 0, 0, 0, 
FUN_00405270, 0, 12, 0, 0, 9, 0, 9, 0, 0, 0, 2, 0, 2, 3, 0, 0, 0, 0, 0, 0, 44, 4, 12, 0, 0, 0, 0, 0, 10, 0.0, 1.0, 0.0, 0, 0, 0, 4, 5, 0, 138, 5, 0, 0, 0, 
FUN_00405360, 0, 0, 0, 0, 0, 0, 0, 0, 0, 0, 0, 0, 0, 0, 0, 0, 0, 0, 0, 0, 6, 0, 11, 0, 0, 0, 0, 0, 0, 0, 0, 0, 0, 0, 0, 0, 0, 0, 21, 6, 0, 0, 0, 
FUN_00405390, 0, 98, 41, 17, 48, 0, 65, 0, 3, 0, 3, 0, 17, 3, 0, 0, 0, 0, 0, 0, 276, 16, 16, 6, 0, 6, 0, 1, 129, 0.26153846153846155, 0.7384615384615385, 0.0, 1.0, 0.0, 0.0, 11, 5, 0, 1134, 17, 0, 0, 0, 
FUN_00405ae0, 0, 11, 0, 0, 5, 0, 5, 0, 0, 0, 0, 0, 1, 3, 0, 0, 0, 0, 0, 0, 31, 4, 7, 0, 0, 0, 0, 0, 5, 0.0, 1.0, 0.0, 0, 0, 0, 2, 0, 0, 101, 0, 0, 0, 0, 
FUN_00405b60, 0, 1, 1, 0, 2, 0, 2, 0, 0, 0, 2, 0, 0, 2, 0, 0, 0, 0, 0, 0, 15, 1, 11, 0, 0, 0, 0, 0, 5, 0.0, 1.0, 0.0, 0, 0, 0, 0, 1, 0, 47, 0, 0, 0, 0, 
FUN_00405ba0, 0, 6, 1, 0, 2, 0, 2, 0, 0, 0, 3, 0, 0, 2, 0, 0, 0, 0, 0, 0, 21, 3, 9, 0, 0, 0, 0, 0, 7, 0.0, 1.0, 0.0, 0, 0, 0, 0, 8, 0, 85, 0, 0, 0, 0, 
FUN_00405c00, 0, 23, 0, 0, 3, 0, 3, 0, 2, 0, 0, 0, 2, 1, 1, 0, 0, 0, 0, 0, 50, 10, 19, 2, 0, 4, 2, 3, 32, 0.0, 1.0, 0.0, 0.5, 0.0, 0.5, 5, 8, 0, 207, 6, 0, 0, 0, 
FUN_00405ce0, 0, 75, 0, 0, 31, 0, 31, 0, 1, 0, 5, 0, 3, 6, 1, 0, 0, 0, 0, 0, 188, 21, 20, 3, 0, 4, 1, 1, 85, 0.0, 1.0, 0.0, 0.75, 0.0, 0.25, 48, 12, 0.0, 847, 11, 0, 0, 0, 
FUN_00406300, 0, 113, 4, 0, 55, 0, 55, 0, 6, 0, 3, 0, 9, 6, 0, 0, 0, 0, 0, 0, 267, 15, 15, 2, 0, 2, 0, 1, 118, 0.0, 1.0, 0.0, 1.0, 0.0, 0.0, 59, 48, 0, 1133, 11, 0, 0, 0, 
FUN_004068d0, 0, 5, 0, 0, 0, 0, 0, 0, 0, 0, 0, 0, 0, 0, 0, 0, 0, 0, 0, 0, 10, 0, 4, 0, 0, 0, 0, 0, 0, 0, 0, 0, 0, 0, 0, 0, 0, 0, 22, 0, 0, 0, 0, 
FUN_00406930, 0, 0, 0, 0, 0, 0, 0, 0, 0, 0, 0, 0, 0, 0, 0, 0, 0, 0, 0, 0, 5, 0, 4, 0, 0, 0, 0, 0, 0, 0, 0, 0, 0, 0, 0, 0, 0, 0, 7, 0, 0, 0, 0, 
FUN_00406950, 0, 0, 0, 0, 0, 0, 0, 0, 0, 0, 0, 0, 0, 0, 0, 0, 0, 0, 0, 0, 5, 0, 4, 0, 0, 0, 0, 0, 0, 0, 0, 0, 0, 0, 0, 0, 0, 0, 7, 0, 0, 0, 0, 
FUN_00406970, 0, 0, 0, 0, 0, 0, 0, 0, 0, 0, 0, 0, 0, 0, 0, 0, 0, 0, 0, 0, 5, 0, 4, 0, 0, 0, 0, 0, 0, 0, 0, 0, 0, 0, 0, 0, 0, 0, 7, 0, 0, 0, 0, 
FUN_00406990, 0, 0, 0, 0, 0, 0, 0, 0, 0, 0, 0, 0, 0, 0, 0, 0, 0, 0, 0, 0, 5, 0, 4, 0, 0, 0, 0, 0, 0, 0, 0, 0, 0, 0, 0, 0, 0, 0, 7, 0, 0, 0, 0, 
FUN_004069b0, 0, 0, 0, 0, 0, 0, 0, 0, 0, 0, 0, 0, 0, 0, 0, 0, 0, 0, 0, 0, 5, 0, 4, 0, 0, 0, 0, 0, 0, 0, 0, 0, 0, 0, 0, 0, 0, 0, 7, 0, 0, 0, 0, 
FUN_004069d0, 0, 7, 0, 0, 5, 0, 5, 0, 0, 0, 2, 0, 1, 2, 0, 0, 0, 0, 0, 0, 25, 3, 13, 0, 0, 0, 0, 0, 6, 0.0, 1.0, 0.0, 0, 0, 0, 4, 0, 0, 86, 0, 0, 0, 0, 
FUN_00406a50, 0, 3, 2, 0, 3, 0, 3, 0, 2, 0, 0, 0, 0, 2, 0, 0, 0, 0, 0, 0, 22, 3, 16, 1, 0, 1, 0, 1, 17, 0.0, 1.0, 0.0, 1.0, 0.0, 0.0, 6, 0, 0, 90, 0, 0, 0, 0, 
FUN_00406aa0, 0, 8, 0, 0, 2, 0, 2, 0, 0, 0, 2, 0, 0, 1, 1, 0, 0, 0, 0, 0, 26, 3, 16, 3, 0, 4, 1, 3, 8, 0.0, 1.0, 0.0, 0.75, 0.0, 0.25, 3, 5, 0, 115, 2, 0, 0, 0, 
FUN_00406b10, 0, 21, 2, 0, 15, 0, 15, 0, 1, 0, 5, 0, 0, 6, 0, 0, 0, 0, 0, 0, 70, 4, 19, 0, 0, 0, 0, 0, 43, 0.0, 1.0, 0.0, 0, 0, 0, 18, 10, 0, 289, 1, 0, 0, 0, 
FUN_00406c40, 0, 1, 1, 0, 1, 0, 1, 0, 0, 0, 2, 0, 0, 1, 0, 0, 0, 0, 0, 0, 8, 0, 19, 0, 0, 0, 0, 0, 8, 0.0, 1.0, 0.0, 0, 0, 0, 4, 0, 0, 44, 1, 0, 0, 0, 
FUN_00406c60, 0, 15, 10, 0, 12, 0, 12, 0, 5, 0, 5, 0, 3, 3, 1, 0, 0, 0, 0, 0, 66, 10, 21, 2, 0, 3, 1, 2, 67, 0.0, 1.0, 0.0, 0.6666666666666666, 0.0, 0.3333333333333333, 20, 2, 0, 338, 0, 0, 0, 0, 
FUN_00406e70, 0, 6, 1, 0, 4, 0, 4, 0, 0, 0, 0, 0, 0, 2, 0, 0, 0, 0, 0, 0, 28, 4, 13, 0, 0, 0, 0, 0, 11, 0.0, 1.0, 0.0, 0, 0, 0, 3, 0, 0, 90, 5, 0, 0, 0, 
FUN_00406ee0, 0, 7, 0, 0, 7, 0, 7, 0, 0, 0, 0, 0, 0, 3, 0, 0, 0, 0, 0, 0, 31, 1, 13, 0, 0, 0, 0, 0, 19, 0.0, 1.0, 0.0, 0, 0, 0, 10, 0, 0, 155, 1, 0, 0, 0, 
FUN_00406f80, 0, 8, 0, 0, 2, 0, 2, 0, 1, 0, 0, 0, 0, 2, 0, 0, 0, 0, 0, 0, 20, 2, 12, 0, 0, 0, 0, 0, 9, 0.0, 1.0, 0.0, 0, 0, 0, 3, 5, 0, 87, 3, 0, 0, 0, 
FUN_00406ff0, 0, 29, 1, 0, 9, 0, 9, 0, 3, 0, 2, 0, 0, 4, 0, 0, 0, 0, 0, 0, 63, 5, 12, 1, 0, 2, 1, 1, 24, 0.0, 1.0, 0.0, 0.5, 0.0, 0.5, 13, 13, 0, 266, 0, 0, 0, 0, 
FUN_00407120, 0, 20, 2, 0, 5, 0, 5, 0, 2, 0, 2, 0, 0, 2, 0, 0, 0, 0, 0, 0, 47, 7, 23, 1, 0, 1, 0, 1, 30, 0.0, 1.0, 0.0, 1.0, 0.0, 0.0, 8, 14, 0, 232, 1, 0, 0, 0, 
FUN_00407220, 0, 3, 0, 0, 1, 0, 1, 0, 0, 0, 2, 0, 0, 1, 0, 0, 0, 0, 0, 0, 10, 1, 12, 0, 0, 0, 0, 0, 3, 0.0, 1.0, 0.0, 0, 0, 0, 0, 0, 0, 33, 0, 0, 0, 0, 
FUN_00407250, 0, 12, 0, 0, 3, 0, 3, 0, 2, 0, 2, 0, 0, 2, 0, 0, 0, 0, 0, 0, 30, 4, 12, 1, 0, 1, 0, 1, 11, 0.0, 1.0, 0.0, 1.0, 0.0, 0.0, 5, 14, 0, 127, 0, 0, 0, 0, 
FUN_004072d0, 0, 37, 0, 0, 14, 0, 14, 0, 3, 0, 3, 0, 3, 5, 1, 0, 0, 0, 0, 0, 93, 13, 19, 2, 0, 3, 1, 2, 49, 0.0, 1.0, 0.0, 0.6666666666666666, 0.0, 0.3333333333333333, 14, 22, 0, 380, 9, 0, 0, 0, 
FUN_00407480, 0, 112, 1, 0, 40, 0, 40, 0, 10, 0, 3, 0, 8, 6, 1, 0, 0, 0, 0, 0, 253, 27, 19, 7, 0, 7, 0, 2, 162, 0.0, 1.0, 0.0, 1.0, 0.0, 0.0, 50, 63, 0, 1219, 7, 0, 0, 0, 
FUN_00407a80, 0, 20, 0, 0, 14, 0, 14, 0, 2, 0, 2, 0, 0, 4, 1, 0, 0, 0, 0, 0, 68, 6, 15, 0, 0, 1, 1, 1, 26, 0.0, 1.0, 0.0, 0.0, 0.0, 1.0, 7, 21, 0, 272, 2, 0, 0, 0, 
FUN_00407bd0, 0, 6, 0, 0, 5, 0, 5, 0, 1, 0, 4, 0, 1, 2, 0, 0, 0, 0, 0, 0, 28, 3, 22, 0, 0, 0, 0, 0, 22, 0.0, 1.0, 0.0, 0, 0, 0, 9, 0, 0, 132, 2, 0, 0, 0, 
FUN_00407c60, 0, 0, 0, 0, 0, 0, 0, 0, 0, 0, 0, 0, 0, 0, 0, 0, 0, 0, 0, 0, 7, 0, 5, 0, 0, 0, 0, 0, 0, 0, 0, 0, 0, 0, 0, 1, 1, 0, 23, 0, 0, 0, 0, 
FUN_00407c80, 0, 0, 2, 0, 2, 0, 2, 0, 0, 0, 0, 0, 0, 1, 0, 0, 0, 0, 0, 0, 12, 0, 12, 0, 0, 0, 0, 0, 6, 0.0, 1.0, 0.0, 0, 0, 0, 4, 0, 0, 44, 0, 0, 0, 0, 
FUN_00407cb0, 0, 0, 0, 0, 0, 0, 0, 0, 0, 0, 0, 0, 0, 0, 0, 0, 0, 0, 0, 0, 5, 0, 7, 0, 0, 0, 0, 0, 1, 0, 0, 0, 0, 0, 0, 0, 0, 0, 14, 2, 0, 0, 0, 
FUN_00407cd0, 0, 33, 7, 0, 6, 0, 6, 0, 11, 0, 4, 0, 1, 4, 0, 0, 0, 0, 0, 0, 66, 9, 22, 0, 0, 0, 0, 0, 37, 0.0, 1.0, 0.0, 0, 0, 0, 13, 22, 0, 383, 12, 0, 0, 0, 
FUN_00407ea0, 0, 10, 12, 0, 1, 0, 1, 0, 0, 0, 0, 0, 0, 1, 0, 0, 0, 0, 0, 0, 23, 5, 24, 0, 0, 0, 0, 0, 27, 0.0, 1.0, 0.0, 0, 0, 0, 11, 1, 0, 139, 2, 0, 0, 0, 
FUN_00407f40, 0, 32, 7, 0, 16, 0, 16, 0, 1, 0, 4, 0, 2, 5, 1, 0, 0, 0, 0, 0, 97, 9, 18, 2, 0, 2, 0, 2, 78, 0.0, 1.0, 0.0, 1.0, 0.0, 0.0, 19, 13, 0, 481, 8, 0, 0, 0, 
FUN_004081d0, 0, 0, 0, 0, 1, 0, 1, 0, 9, 0, 0, 0, 0, 1, 0, 0, 0, 0, 0, 0, 14, 0, 14, 0, 0, 0, 0, 0, 11, 0.0, 1.0, 0.0, 0, 0, 0, 9, 0, 0, 107, 0, 0, 0, 0, 
FUN_00408230, 0, 0, 0, 0, 1, 0, 1, 0, 0, 0, 0, 0, 0, 1, 0, 0, 0, 0, 0, 0, 10, 0, 10, 0, 0, 0, 0, 0, 5, 0.0, 1.0, 0.0, 0, 0, 0, 4, 0, 0, 47, 0, 0, 0, 0, 
FUN_00408270, 0, 8, 0, 0, 3, 0, 3, 0, 12, 0, 0, 0, 0, 2, 0, 0, 0, 0, 0, 0, 33, 4, 22, 2, 0, 2, 0, 2, 31, 0.0, 1.0, 0.0, 1.0, 0.0, 0.0, 18, 0, 0, 206, 2, 0, 0, 0, 
FUN_00408330, 0, 37, 2, 9, 14, 0, 23, 0, 14, 0, 0, 0, 0, 2, 0, 0, 0, 0, 0, 0, 105, 7, 19, 0, 0, 0, 0, 0, 54, 0.391304347826087, 0.6086956521739131, 0.0, 0, 0, 0, 42, 11, 0, 498, 16, 0, 0, 0, 
FUN_004085b0, 0, 4, 1, 0, 3, 0, 3, 0, 2, 0, 0, 0, 0, 3, 0, 0, 0, 0, 0, 0, 22, 3, 24, 1, 0, 1, 0, 1, 19, 0.0, 1.0, 0.0, 1.0, 0.0, 0.0, 6, 0, 0, 98, 0, 0, 0, 0, 
FUN_00408600, 0, 10, 2, 0, 3, 0, 3, 0, 0, 0, 0, 0, 1, 2, 0, 0, 0, 0, 0, 0, 31, 6, 12, 0, 0, 2, 2, 2, 18, 0.0, 1.0, 0.0, 0.0, 0.0, 1.0, 4, 0, 0, 111, 0, 0, 0, 0, 
FUN_00408670, 0, 10, 0, 0, 8, 0, 8, 0, 0, 0, 2, 0, 0, 2, 1, 0, 0, 0, 0, 0, 43, 5, 14, 0, 0, 1, 1, 1, 22, 0.0, 1.0, 0.0, 0.0, 0.0, 1.0, 8, 3, 0, 180, 3, 0, 0, 0, 
FUN_00408770, 0, 3, 0, 0, 1, 0, 1, 0, 0, 0, 0, 0, 0, 1, 0, 0, 0, 0, 0, 0, 13, 1, 20, 1, 0, 1, 0, 1, 8, 0.0, 1.0, 0.0, 1.0, 0.0, 0.0, 5, 0, 0, 51, 2, 0, 0, 0, 
FUN_004087a0, 0, 11, 8, 0, 5, 0, 5, 0, 7, 0, 3, 0, 0, 2, 0, 0, 0, 0, 0, 0, 34, 5, 23, 0, 0, 0, 0, 0, 42, 0.0, 1.0, 0.0, 0, 0, 0, 22, 0, 0, 222, 6, 0, 0, 0, 
FUN_00408830, 0, 7, 0, 0, 4, 0, 4, 0, 1, 0, 0, 0, 0, 2, 0, 0, 0, 0, 0, 0, 24, 2, 19, 0, 0, 0, 0, 0, 19, 0.0, 1.0, 0.0, 0, 0, 0, 15, 0, 0, 130, 10, 0, 0, 0, 
FUN_00408890, 0, 30, 0, 0, 10, 0, 10, 0, 8, 0, 0, 0, 2, 2, 0, 0, 0, 0, 0, 0, 78, 11, 23, 1, 0, 5, 4, 2, 59, 0.0, 1.0, 0.0, 0.2, 0.0, 0.8, 24, 0, 0, 365, 6, 0, 0, 0, 
FUN_00408ae0, 0, 9, 0, 0, 2, 0, 2, 0, 0, 0, 0, 0, 0, 1, 0, 0, 0, 0, 0, 0, 29, 5, 16, 2, 0, 3, 1, 2, 7, 0.0, 1.0, 0.0, 0.6666666666666666, 0.0, 0.3333333333333333, 4, 1, 0, 103, 2, 0, 0, 0, 
FUN_00408b40, 0, 43, 4, 0, 12, 0, 12, 0, 5, 0, 2, 0, 0, 4, 1, 0, 0, 0, 0, 0, 93, 11, 20, 1, 0, 3, 2, 2, 73, 0.0, 1.0, 0.0, 0.3333333333333333, 0.0, 0.6666666666666666, 18, 12, 0, 464, 1, 0, 0, 0, 
FUN_00408d10, 0, 47, 5, 0, 18, 0, 18, 0, 2, 0, 2, 0, 5, 4, 1, 0, 0, 0, 0, 0, 117, 16, 21, 1, 0, 2, 1, 2, 69, 0.0, 1.0, 0.0, 0.5, 0.0, 0.5, 30, 22, 0, 546, 17, 0, 0, 0, 
FUN_00408f70, 0, 20, 0, 0, 7, 0, 7, 0, 2, 0, 2, 0, 2, 5, 0, 0, 0, 0, 0, 0, 61, 11, 20, 2, 0, 2, 0, 2, 33, 0.0, 1.0, 0.0, 1.0, 0.0, 0.0, 16, 6, 0, 266, 5, 0, 0, 0, 
FUN_004090b0, 0, 53, 1, 0, 15, 0, 15, 0, 6, 0, 2, 0, 5, 3, 3, 0, 0, 0, 0, 0, 113, 13, 18, 3, 0, 6, 3, 4, 84, 0.0, 1.0, 0.0, 0.5, 0.0, 0.5, 22, 8, 0, 551, 1, 0, 0, 0, 
FUN_00409270, 0, 32, 1, 0, 5, 0, 5, 0, 3, 0, 0, 0, 0, 2, 0, 0, 0, 0, 0, 0, 58, 10, 13, 0, 0, 0, 0, 0, 34, 0.0, 1.0, 0.0, 0, 0, 0, 15, 9, 0, 268, 14, 0, 0, 0, 
FUN_00409350, 0, 17, 1, 0, 3, 0, 3, 0, 2, 0, 0, 0, 0, 1, 1, 0, 0, 0, 0, 0, 38, 5, 18, 1, 0, 3, 2, 2, 14, 0.0, 1.0, 0.0, 0.3333333333333333, 0.0, 0.6666666666666666, 9, 3, 0, 200, 1, 0, 0, 0, 
FUN_00409400, 0, 30, 9, 0, 8, 0, 8, 0, 1, 0, 4, 0, 2, 2, 0, 0, 0, 0, 0, 0, 64, 10, 21, 0, 0, 0, 0, 0, 50, 0.0, 1.0, 0.0, 0, 0, 0, 15, 0, 0, 337, 7, 0, 0, 0, 
FUN_00409620, 0, 7, 0, 0, 4, 0, 4, 0, 2, 0, 2, 0, 0, 2, 0, 0, 0, 0, 0, 0, 22, 2, 24, 0, 0, 0, 0, 0, 16, 0.0, 1.0, 0.0, 0, 0, 0, 10, 2, 0, 126, 3, 0, 0, 0, 
FUN_004096a0, 0, 11, 0, 0, 3, 0, 3, 0, 0, 0, 0, 0, 0, 2, 0, 0, 0, 0, 0, 0, 27, 3, 12, 0, 0, 0, 0, 0, 8, 0.0, 1.0, 0.0, 0, 0, 0, 13, 2, 0, 120, 7, 0, 0, 0, 
FUN_00409720, 0, 31, 0, 0, 10, 0, 10, 0, 0, 0, 2, 0, 3, 4, 0, 0, 0, 0, 0, 0, 77, 12, 17, 1, 0, 1, 0, 1, 46, 0.0, 1.0, 0.0, 1.0, 0.0, 0.0, 19, 2, 0, 333, 5, 0, 0, 0, 
FUN_004098b0, 0, 43, 27, 0, 23, 0, 23, 0, 4, 0, 6, 0, 5, 8, 0, 0, 0, 0, 0, 0, 127, 16, 23, 3, 0, 3, 0, 1, 104, 0.0, 1.0, 0.0, 1.0, 0.0, 0.0, 26, 10, 0, 607, 1, 0, 0, 0, 
FUN_00409bb0, 0, 32, 20, 0, 16, 0, 16, 0, 6, 0, 2, 0, 3, 5, 1, 0, 0, 0, 0, 0, 93, 10, 24, 3, 0, 4, 1, 2, 76, 0.0, 1.0, 0.0, 0.75, 0.0, 0.25, 27, 4, 0, 454, 1, 0, 0, 0, 
FUN_00409da0, 0, 10, 0, 0, 7, 0, 7, 0, 0, 0, 0, 0, 0, 2, 2, 0, 0, 0, 0, 0, 45, 8, 11, 1, 0, 2, 1, 2, 19, 0.0, 1.0, 0.0, 0.5, 0.0, 0.5, 5, 0, 0, 153, 4, 0, 0, 0, 
FUN_00409e50, 0, 45, 2, 0, 20, 0, 20, 0, 7, 0, 4, 0, 4, 7, 1, 0, 0, 0, 0, 0, 124, 16, 21, 1, 0, 3, 2, 2, 76, 0.0, 1.0, 0.0, 0.3333333333333333, 0.0, 0.6666666666666666, 33, 2, 0, 553, 15, 0, 0, 0, 
FUN_0040a1e0, 0, 19, 4, 0, 6, 0, 6, 0, 1, 0, 3, 0, 0, 3, 1, 0, 0, 0, 0, 0, 51, 9, 18, 1, 0, 2, 1, 2, 34, 0.0, 1.0, 0.0, 0.5, 0.0, 0.5, 18, 2, 0, 248, 6, 0, 0, 0, 
FUN_0040a330, 0, 7, 6, 0, 8, 0, 8, 0, 6, 0, 2, 0, 2, 4, 0, 0, 0, 0, 0, 0, 41, 3, 23, 1, 0, 1, 0, 1, 38, 0.0, 1.0, 0.0, 1.0, 0.0, 0.0, 11, 0, 0, 191, 0, 0, 0, 0, 
FUN_0040a420, 0, 9, 19, 0, 20, 0, 20, 0, 5, 0, 2, 0, 0, 3, 0, 0, 0, 0, 0, 0, 68, 5, 22, 0, 0, 0, 0, 0, 54, 0.0, 1.0, 0.0, 0, 0, 0, 12, 0, 0, 270, 1, 0, 0, 0, 
FUN_0040a550, 0, 9, 11, 0, 8, 0, 8, 0, 0, 0, 4, 0, 2, 4, 0, 0, 0, 0, 0, 0, 42, 7, 13, 1, 0, 1, 0, 1, 35, 0.0, 1.0, 0.0, 1.0, 0.0, 0.0, 7, 0, 0, 171, 2, 0, 0, 0, 
FUN_0040a620, 0, 164, 7, 0, 63, 0, 63, 0, 42, 0, 3, 0, 19, 6, 1, 0, 0, 0, 0, 0, 361, 20, 22, 7, 0, 9, 2, 1, 227, 0.0, 1.0, 0.0, 0.7777777777777778, 0.0, 0.2222222222222222, 51, 121, 0, 1901, 14, 0, 0, 0, 
FUN_0040ae10, 0, 27, 1, 0, 12, 0, 12, 0, 2, 0, 6, 0, 2, 5, 0, 0, 0, 0, 0, 0, 79, 12, 20, 2, 0, 2, 0, 1, 60, 0.0, 1.0, 0.0, 1.0, 0.0, 0.0, 18, 8, 0, 402, 10, 0, 0, 0, 
FUN_0040b040, 0, 212, 67, 0, 66, 0, 66, 0, 50, 0, 5, 0, 17, 8, 0, 0, 0, 0, 0, 0, 466, 44, 23, 21, 2, 23, 0, 3, 349, 0.0, 1.0, 0.0, 0.9130434782608695, 0.08695652173913043, 0.0, 98, 43, 0, 2266, 56, 0, 0, 0, 
FUN_0040bb50, 0, 10, 4, 0, 4, 0, 4, 0, 2, 0, 0, 0, 0, 2, 0, 0, 0, 0, 0, 0, 27, 2, 20, 0, 0, 0, 0, 0, 24, 0.0, 1.0, 0.0, 0, 0, 0, 16, 0, 0, 153, 8, 0, 0, 0, 
FUN_0040bbe0, 0, 16, 0, 0, 10, 0, 10, 0, 8, 0, 4, 0, 0, 2, 2, 0, 0, 0, 0, 0, 68, 6, 14, 2, 0, 4, 2, 2, 37, 0.0, 1.0, 0.0, 0.5, 0.0, 0.5, 10, 25, 0, 360, 2, 0, 0, 0, 
FUN_0040bd60, 0, 3, 0, 0, 1, 0, 1, 0, 0, 0, 0, 0, 0, 1, 0, 0, 0, 0, 0, 0, 17, 2, 12, 1, 0, 1, 0, 1, 9, 0.0, 1.0, 0.0, 1.0, 0.0, 0.0, 4, 3, 0, 72, 0, 0, 0, 0, 
FUN_0040bdb0, 0, 14, 1, 0, 1, 0, 1, 0, 1, 0, 0, 0, 0, 1, 0, 0, 0, 0, 0, 0, 32, 5, 14, 0, 0, 0, 0, 0, 17, 0.0, 1.0, 0.0, 0, 0, 0, 17, 4, 0, 175, 15, 0, 0, 0, 
FUN_0040be40, 0, 3, 5, 0, 1, 0, 1, 0, 1, 0, 0, 0, 0, 1, 0, 0, 0, 0, 0, 0, 13, 2, 13, 0, 0, 0, 0, 0, 7, 0.0, 1.0, 0.0, 0, 0, 0, 4, 0, 0, 52, 1, 0, 0, 0, 
FUN_0040be90, 0, 261, 131, 0, 88, 0, 88, 0, 39, 0, 0, 0, 1, 13, 0, 0, 0, 0, 0, 0, 529, 16, 18, 36, 0, 36, 0, 1, 501, 0.0, 1.0, 0.0, 1.0, 0.0, 0.0, 169, 2, 0.0, 2619, 3, 0, 0, 0, 
FUN_0040c660, 0, 34, 11, 0, 9, 0, 9, 0, 2, 0, 0, 0, 0, 3, 0, 0, 0, 0, 0, 0, 90, 15, 20, 2, 0, 3, 1, 1, 43, 0.0, 1.0, 0.0, 0.6666666666666666, 0.0, 0.3333333333333333, 20, 2, 0, 384, 6, 0, 0, 0, 
FUN_0040c8a0, 0, 195, 21, 0, 28, 0, 28, 0, 25, 0, 6, 0, 4, 6, 2, 0, 0, 0, 0, 0, 302, 26, 23, 5, 0, 7, 2, 4, 120, 0.0, 1.0, 0.0, 0.7142857142857143, 0.0, 0.2857142857142857, 61, 140, 0, 1472, 21, 0, 0, 0, 
FUN_0040cd80, 0, 30, 5, 0, 35, 0, 35, 0, 7, 0, 4, 0, 3, 6, 0, 0, 0, 0, 0, 0, 142, 14, 21, 3, 0, 4, 1, 1, 88, 0.0, 1.0, 0.0, 0.75, 0.0, 0.25, 23, 12, 0, 565, 2, 0, 0, 0, 
FUN_0040d010, 0, 84, 5, 0, 34, 0, 34, 0, 6, 1, 9, 0, 15, 8, 0, 0, 0, 0, 0, 0, 203, 24, 21, 2, 0, 2, 0, 2, 140, 0.0, 1.0, 0.0, 1.0, 0.0, 0.0, 56, 9, 0, 1038, 28, 0, 0, 0, 
FUN_0040d730, 0, 158, 6, 0, 57, 0, 57, 0, 8, 0, 4, 0, 20, 6, 1, 0, 0, 0, 0, 0, 353, 36, 20, 2, 0, 3, 1, 2, 187, 0.0, 1.0, 0.0, 0.6666666666666666, 0.0, 0.3333333333333333, 78, 36, 0, 1668, 43, 0, 0, 0, 
FUN_0040e000, 0, 24, 1, 0, 5, 0, 5, 0, 6, 0, 2, 0, 0, 2, 0, 0, 0, 0, 0, 0, 53, 8, 17, 0, 0, 0, 0, 0, 42, 0.0, 1.0, 0.0, 0, 0, 0, 23, 6, 0, 321, 8, 0, 0, 0, 
FUN_0040e1a0, 0, 106, 11, 0, 54, 0, 54, 0, 10, 0, 6, 0, 13, 9, 2, 0, 0, 0, 0, 0, 286, 27, 19, 6, 0, 8, 2, 3, 230, 0.0, 1.0, 0.0, 0.75, 0.0, 0.25, 83, 26, 0, 1448, 6, 0, 0, 0, 
FUN_0040ea20, 0, 24, 1, 0, 12, 0, 12, 0, 2, 0, 0, 0, 0, 3, 0, 0, 0, 0, 0, 0, 69, 11, 19, 0, 0, 0, 0, 0, 37, 0.0, 1.0, 0.0, 0, 0, 0, 28, 2, 0, 323, 7, 0, 0, 0, 
FUN_0040ebe0, 0, 40, 3, 0, 22, 0, 22, 0, 6, 0, 2, 0, 8, 7, 0, 0, 0, 0, 0, 0, 126, 19, 22, 2, 0, 2, 0, 2, 69, 0.0, 1.0, 0.0, 1.0, 0.0, 0.0, 31, 7, 0, 573, 10, 0, 0, 0, 
FUN_0040ef10, 0, 291, 50, 0, 120, 0, 120, 0, 20, 0, 17, 0, 46, 11, 3, 0, 0, 0, 0, 0, 690, 85, 22, 8, 2, 14, 4, 4, 403, 0.0, 1.0, 0.0, 0.5714285714285714, 0.14285714285714285, 0.2857142857142857, 89, 57, 0, 2974, 14, 0, 0, 0, 
FUN_00410670, 0, 112, 8, 0, 53, 0, 53, 0, 12, 0, 14, 0, 6, 10, 3, 0, 0, 0, 0, 0, 302, 33, 23, 6, 0, 10, 4, 3, 227, 0.0, 1.0, 0.0, 0.6, 0.0, 0.4, 87, 32, 0, 1486, 13, 0, 0, 0, 
FUN_00410ea0, 0, 38, 2, 0, 16, 0, 16, 0, 6, 0, 5, 0, 1, 3, 1, 0, 0, 0, 0, 0, 98, 9, 19, 1, 0, 1, 0, 1, 62, 0.0, 1.0, 0.0, 1.0, 0.0, 0.0, 25, 23, 0, 459, 6, 0, 0, 0, 
FUN_004110c0, 0, 83, 51, 41, 46, 0, 87, 0, 18, 0, 3, 0, 11, 6, 0, 0, 0, 0, 0, 0, 322, 13, 20, 0, 0, 0, 0, 0, 190, 0.47126436781609193, 0.5287356321839081, 0.0, 0, 0, 0, 72, 21, 0, 1302, 41, 0, 0, 0, 
FUN_00411770, 0, 12, 0, 0, 7, 0, 7, 0, 1, 0, 3, 0, 0, 3, 1, 0, 0, 0, 0, 0, 40, 6, 17, 0, 0, 1, 1, 1, 18, 0.0, 1.0, 0.0, 0.0, 0.0, 1.0, 3, 1, 0, 139, 1, 0, 0, 0, 
FUN_00411830, 0, 258, 50, 18, 125, 0, 143, 0, 9, 0, 9, 0, 72, 11, 0, 0, 0, 0, 0, 0, 692, 42, 22, 11, 1, 13, 1, 2, 417, 0.1258741258741259, 0.8741258741258742, 0.0, 0.8461538461538461, 0.07692307692307693, 0.07692307692307693, 147, 44, 0, 3135, 22, 0, 0, 0, 
FUN_00412d20, 0, 11, 2, 0, 9, 0, 9, 0, 0, 0, 4, 0, 1, 3, 1, 0, 0, 0, 0, 0, 52, 7, 15, 0, 0, 2, 2, 2, 23, 0.0, 1.0, 0.0, 0.0, 0.0, 1.0, 6, 0, 0, 186, 4, 0, 0, 0, 
FUN_00412e60, 0, 14, 3, 0, 7, 0, 7, 0, 0, 0, 7, 0, 1, 4, 0, 0, 0, 0, 0, 0, 48, 8, 17, 1, 0, 1, 0, 1, 30, 0.0, 1.0, 0.0, 1.0, 0.0, 0.0, 14, 0, 0, 212, 5, 0, 0, 0, 
FUN_00412fc0, 0, 246, 33, 12, 86, 0, 98, 0, 24, 0, 10, 0, 32, 10, 3, 0, 0, 0, 0, 0, 576, 57, 23, 14, 2, 21, 5, 3, 354, 0.12244897959183673, 0.8775510204081632, 0.0, 0.6666666666666666, 0.09523809523809523, 0.23809523809523808, 137, 61, 0, 2740, 36, 0, 0, 0, 
FUN_00413d70, 0, 3, 6, 0, 1, 0, 1, 0, 2, 0, 0, 0, 0, 1, 0, 0, 0, 0, 0, 0, 14, 2, 21, 0, 0, 0, 0, 0, 12, 0.0, 1.0, 0.0, 0, 0, 0, 4, 0, 0, 72, 4, 0, 0, 0, 
FUN_00413de0, 0, 2, 0, 0, 0, 0, 0, 0, 0, 0, 0, 0, 0, 0, 0, 0, 0, 0, 0, 0, 8, 1, 5, 0, 0, 0, 0, 0, 0, 0, 0, 0, 0, 0, 0, 0, 0, 0, 14, 3, 0, 0, 0, 
FUN_00413df0, 0, 15, 4, 0, 3, 0, 3, 0, 2, 0, 0, 0, 0, 1, 0, 0, 0, 0, 0, 0, 37, 6, 20, 0, 1, 1, 0, 1, 32, 0.0, 1.0, 0.0, 0.0, 1.0, 0.0, 13, 2, 0, 213, 6, 0, 0, 0, 
FUN_00413ec0, 0, 54, 14, 0, 31, 0, 31, 0, 2, 0, 8, 0, 6, 6, 0, 0, 0, 0, 0, 0, 152, 14, 20, 2, 0, 2, 0, 1, 99, 0.0, 1.0, 0.0, 1.0, 0.0, 0.0, 26, 11, 0, 671, 8, 0, 0, 0, 
FUN_00414320, 0, 7, 3, 0, 6, 0, 6, 0, 2, 0, 3, 0, 1, 4, 0, 0, 0, 0, 0, 0, 34, 2, 15, 0, 0, 0, 0, 0, 13, 0.0, 1.0, 0.0, 0, 0, 0, 0, 0, 0, 130, 8, 0, 0, 0, 
FUN_00414450, 0, 16, 16, 0, 4, 0, 4, 0, 0, 0, 0, 0, 0, 1, 0, 0, 0, 0, 0, 0, 41, 7, 23, 0, 0, 0, 0, 0, 24, 0.0, 1.0, 0.0, 0, 0, 0, 3, 6, 0, 177, 1, 0, 0, 0, 
FUN_00414560, 0, 6, 0, 0, 3, 0, 3, 0, 4, 0, 0, 0, 0, 3, 0, 0, 0, 0, 0, 0, 22, 3, 20, 0, 0, 0, 0, 0, 10, 0.0, 1.0, 0.0, 0, 0, 0, 3, 0, 0, 90, 2, 0, 0, 0, 
FUN_004145e0, 0, 4, 0, 0, 1, 0, 1, 0, 0, 0, 0, 0, 0, 1, 0, 0, 0, 0, 0, 0, 13, 0, 5, 0, 0, 0, 0, 0, 1, 0.0, 1.0, 0.0, 0, 0, 0, 2, 5, 0, 50, 0, 0, 0, 0, 
FUN_00414630, 0, 9, 3, 0, 4, 0, 4, 0, 0, 0, 0, 0, 0, 1, 0, 0, 0, 0, 0, 0, 27, 4, 13, 0, 0, 0, 0, 0, 9, 0.0, 1.0, 0.0, 0, 0, 0, 3, 1, 0, 100, 4, 0, 0, 0, 
FUN_004146d0, 0, 0, 0, 0, 0, 0, 0, 0, 0, 0, 0, 0, 0, 0, 0, 0, 0, 0, 0, 0, 5, 0, 4, 0, 0, 0, 0, 0, 0, 0, 0, 0, 0, 0, 0, 0, 0, 0, 7, 0, 0, 0, 0, 
FUN_004146f0, 0, 0, 0, 0, 0, 0, 0, 0, 0, 0, 0, 0, 0, 0, 0, 0, 0, 0, 0, 0, 5, 0, 4, 0, 0, 0, 0, 0, 0, 0, 0, 0, 0, 0, 0, 0, 0, 0, 7, 0, 0, 0, 0, 
FUN_00414710, 0, 0, 0, 0, 0, 0, 0, 0, 0, 0, 0, 0, 0, 0, 0, 0, 0, 0, 0, 0, 5, 0, 4, 0, 0, 0, 0, 0, 0, 0, 0, 0, 0, 0, 0, 0, 0, 0, 7, 0, 0, 0, 0, 
FUN_00414730, 0, 0, 0, 0, 0, 0, 0, 0, 0, 0, 0, 0, 0, 0, 0, 0, 0, 0, 0, 0, 5, 0, 4, 0, 0, 0, 0, 0, 0, 0, 0, 0, 0, 0, 0, 0, 0, 0, 7, 0, 0, 0, 0, 
FUN_00414750, 0, 8, 3, 0, 1, 0, 1, 0, 0, 0, 0, 0, 0, 1, 0, 0, 0, 0, 0, 0, 15, 0, 18, 0, 0, 0, 0, 0, 8, 0.0, 1.0, 0.0, 0, 0, 0, 6, 4, 0, 77, 0, 0, 0, 0, 
FUN_00414790, 0, 6, 1, 0, 4, 0, 4, 0, 1, 0, 0, 0, 0, 2, 0, 0, 0, 0, 0, 0, 26, 4, 8, 0, 0, 0, 0, 0, 6, 0.0, 1.0, 0.0, 0, 0, 0, 3, 0, 0, 75, 0, 0, 0, 0, 
FUN_004147f0, 0, 23, 0, 0, 4, 0, 4, 0, 1, 0, 0, 0, 0, 3, 0, 0, 0, 0, 0, 0, 48, 9, 11, 2, 0, 2, 0, 1, 31, 0.0, 1.0, 0.0, 1.0, 0.0, 0.0, 9, 0, 0, 195, 0, 0, 0, 0, 
FUN_00414850, 0, 107, 32, 0, 46, 0, 46, 0, 23, 0, 4, 0, 14, 8, 2, 0, 0, 0, 0, 0, 273, 24, 14, 7, 0, 8, 1, 3, 165, 0.0, 1.0, 0.0, 0.875, 0.0, 0.125, 46, 14, 0.0, 1187, 41, 0, 0, 0, 
FUN_00414dc0, 0, 0, 0, 0, 0, 0, 0, 0, 0, 0, 0, 0, 0, 0, 0, 0, 0, 0, 0, 0, 5, 0, 4, 0, 0, 0, 0, 0, 0, 0, 0, 0, 0, 0, 0, 0, 0, 0, 7, 0, 0, 0, 0, 
FUN_00414e20, 0, 0, 0, 0, 0, 0, 0, 0, 0, 0, 0, 0, 0, 0, 0, 0, 0, 0, 0, 0, 4, 0, 4, 0, 0, 0, 0, 0, 0, 0, 0, 0, 0, 0, 0, 0, 0, 0, 5, 0, 0, 0, 0, 
FUN_00414e30, 0, 0, 0, 0, 0, 0, 0, 0, 0, 0, 0, 0, 0, 0, 0, 0, 0, 0, 0, 0, 5, 0, 5, 0, 0, 0, 0, 0, 0, 0, 0, 0, 0, 0, 0, 0, 0, 0, 12, 1, 0, 0, 0, 
FUN_00414e48, 0, 2, 0, 0, 0, 0, 0, 0, 0, 0, 0, 0, 0, 0, 0, 0, 0, 0, 0, 0, 10, 1, 12, 0, 1, 1, 0, 1, 2, 0, 0, 0, 0.0, 1.0, 0.0, 4, 0, 0, 37, 7, 0, 0, 0, 
